{
  "actions": [],
  "creation": "2023-05-15 12:05:00.000000",
  "doctype": "DocType",
  "editable_grid": 1,
  "engine": "InnoDB",
  "field_order": ["item_code", "description", "quantity", "uom", "unit_rate", "amount"],
  "fields": [
    {
      "fieldname": "item_code",
      "fieldtype": "Link",
      "in_list_view": 1,
      "label": "Item Code",
      "options": "Item",
      "reqd": 1
    },
    {
      "fieldname": "description",
      "fieldtype": "Small Text",
      "in_list_view": 1,
      "label": "Description",
      "reqd": 1
    },
    {
      "fieldname": "quantity",
      "fieldtype": "Float",
      "in_list_view": 1,
      "label": "Quantity",
      "reqd": 1
    },
    {
      "fieldname": "uom",
      "fieldtype": "Link",
      "in_list_view": 1,
      "label": "UOM",
      "options": "UOM",
      "reqd": 1
    },
    {
      "fieldname": "unit_rate",
      "fieldtype": "Currency",
      "in_list_view": 1,
      "label": "Unit Rate",
      "reqd": 1
    },
    {
      "fieldname": "amount",
      "fieldtype": "Currency",
      "in_list_view": 1,
      "label": "Amount",
      "read_only": 1
    }
  ],
  "istable": 1,
  "links": [],
  "modified": "2023-05-15 12:05:00.000000",
  "modified_by": "Administrator",
  "module": "Construction Contract Management",
  "name": "Contractor Bid Item",
  "owner": "Administrator",
  "permissions": [],
  "sort_field": "modified",
  "sort_order": "DESC",
  "states": []
}
