{
  "actions": [],
  "creation": "2023-05-15 13:05:00.000000",
  "doctype": "DocType",
  "editable_grid": 1,
  "engine": "InnoDB",
  "field_order": ["description", "due_date", "amount", "status"],
  "fields": [
    {
      "fieldname": "description",
      "fieldtype": "Data",
      "in_list_view": 1,
      "label": "Description",
      "reqd": 1
    },
    {
      "fieldname": "due_date",
      "fieldtype": "Date",
      "in_list_view": 1,
      "label": "Due Date",
      "reqd": 1
    },
    {
      "fieldname": "amount",
      "fieldtype": "Currency",
      "in_list_view": 1,
      "label": "Amount",
      "reqd": 1
    },
    {
      "default": "Pending",
      "fieldname": "status",
      "fieldtype": "Select",
      "in_list_view": 1,
      "label": "Status",
      "options": "Pending\nIn Progress\nCompleted\nDelayed",
      "reqd": 1
    }
  ],
  "istable": 1,
  "links": [],
  "modified": "2023-05-15 13:05:00.000000",
  "modified_by": "Administrator",
  "module": "Construction Contract Management",
  "name": "Contract Milestone",
  "owner": "Administrator",
  "permissions": [],
  "sort_field": "modified",
  "sort_order": "DESC",
  "states": []
}
