{
  "actions": [],
  "creation": "2023-05-15 10:05:00.000000",
  "doctype": "DocType",
  "editable_grid": 1,
  "engine": "InnoDB",
  "field_order": ["document_name", "document_type", "attachment", "description"],
  "fields": [
    {
      "fieldname": "document_name",
      "fieldtype": "Data",
      "in_list_view": 1,
      "label": "Document Name",
      "reqd": 1
    },
    {
      "fieldname": "document_type",
      "fieldtype": "Select",
      "in_list_view": 1,
      "label": "Document Type",
      "options": "Technical Specification\nDrawing\nBill of Quantities\nContract Terms\nOther",
      "reqd": 1
    },
    {
      "fieldname": "attachment",
      "fieldtype": "Attach",
      "label": "Attachment",
      "reqd": 1
    },
    {
      "fieldname": "description",
      "fieldtype": "Small Text",
      "label": "Description"
    }
  ],
  "istable": 1,
  "links": [],
  "modified": "2023-05-15 10:05:00.000000",
  "modified_by": "Administrator",
  "module": "Project Tender",
  "name": "Tender Document",
  "owner": "Administrator",
  "permissions": [],
  "sort_field": "modified",
  "sort_order": "DESC",
  "states": []
}
